,joblinks
0,https://pk.linkedin.com/jobs/view/assistant-manager-at-pak-suzuki-motor-company-limited-4033835691?position=1&pageNum=0&refId=wGBfrWbvk%2F5LBisrWppAiw%3D%3D&trackingId=NQGvAMF%2FQOZ%2FIXVdPkDOXw%3D%3D
1,https://pk.linkedin.com/jobs/view/assistant-manager-at-the-indus-hospital-4032976164?position=2&pageNum=0&refId=wGBfrWbvk%2F5LBisrWppAiw%3D%3D&trackingId=AJuhyluPRzVMX7gWkaIHgQ%3D%3D
2,https://pk.linkedin.com/jobs/view/process-coordinator-at-ibex-pakistan-4032007882?position=3&pageNum=0&refId=wGBfrWbvk%2F5LBisrWppAiw%3D%3D&trackingId=Zi0FWGC5AAlEEMcMcDFoYA%3D%3D
3,https://pk.linkedin.com/jobs/view/medical-officer-at-the-indus-hospital-4032975324?position=4&pageNum=0&refId=wGBfrWbvk%2F5LBisrWppAiw%3D%3D&trackingId=JRDCUzBkE%2FsWlV3B2EeoRw%3D%3D
4,https://pk.linkedin.com/jobs/view/patient-and-family-educator-mcm-project-at-the-indus-hospital-4032973450?position=5&pageNum=0&refId=wGBfrWbvk%2F5LBisrWppAiw%3D%3D&trackingId=sr36SbQVvzNiUm%2FRcSbMlA%3D%3D
5,https://pk.linkedin.com/jobs/view/human-resources-officer-at-ebm-4032807100?position=6&pageNum=0&refId=wGBfrWbvk%2F5LBisrWppAiw%3D%3D&trackingId=BJy3728CvgaXpKcb9qH47g%3D%3D
6,https://pk.linkedin.com/jobs/view/senior-officer-at-the-indus-hospital-4035044448?position=7&pageNum=0&refId=wGBfrWbvk%2F5LBisrWppAiw%3D%3D&trackingId=10KFx9Z61cZ6bM1m9AjIXQ%3D%3D
7,https://pk.linkedin.com/jobs/view/specialist-ordering-contractual-at-dawlance-4033698714?position=8&pageNum=0&refId=wGBfrWbvk%2F5LBisrWppAiw%3D%3D&trackingId=HzbDBma0%2B%2FNMbvasHHo8Gw%3D%3D
8,https://pk.linkedin.com/jobs/view/audit-supervisor-at-s-m-suhail-co-chartered-accountants-4027753001?position=9&pageNum=0&refId=wGBfrWbvk%2F5LBisrWppAiw%3D%3D&trackingId=JVyxJn7gN0lMP7dRMo%2B0rA%3D%3D
9,https://pk.linkedin.com/jobs/view/deputy-manager-cost-contract-at-the-indus-hospital-4035821731?position=10&pageNum=0&refId=wGBfrWbvk%2F5LBisrWppAiw%3D%3D&trackingId=ObuAHFmV0MB%2F8DVjSnm%2Blw%3D%3D
10,https://pk.linkedin.com/jobs/view/quality-inspector-at-qima-4002494066?position=11&pageNum=0&refId=wGBfrWbvk%2F5LBisrWppAiw%3D%3D&trackingId=FaVP5bSqpvQz6Rs2HvPH3w%3D%3D
11,https://pk.linkedin.com/jobs/view/national-consumer-collecting-manager-at-red-bull-3983981238?position=12&pageNum=0&refId=wGBfrWbvk%2F5LBisrWppAiw%3D%3D&trackingId=uinaV8pNuC9b35Qpm40jNw%3D%3D
12,https://pk.linkedin.com/jobs/view/account-support-associate-karachi-rapid-at-ey-3963399471?position=13&pageNum=0&refId=wGBfrWbvk%2F5LBisrWppAiw%3D%3D&trackingId=t%2FFJWl31rI23JA%2FF0IkL2A%3D%3D
13,https://pk.linkedin.com/jobs/view/senior-technician-hvac-at-the-indus-hospital-4035476481?position=14&pageNum=0&refId=wGBfrWbvk%2F5LBisrWppAiw%3D%3D&trackingId=EWl6xtaYifgL4QUxG9gwPw%3D%3D
14,https://pk.linkedin.com/jobs/view/assistant-manager-npd-technology-transfer-at-getz-pharma-4034159470?position=15&pageNum=0&refId=wGBfrWbvk%2F5LBisrWppAiw%3D%3D&trackingId=2fbe5fxMtFZpKOne5S8usQ%3D%3D
15,https://pk.linkedin.com/jobs/view/shopify-marketplace-manager-at-nxt-labs-4033552087?position=16&pageNum=0&refId=wGBfrWbvk%2F5LBisrWppAiw%3D%3D&trackingId=Z4UY%2F6qLF06qo%2BMrg8sfdw%3D%3D
16,https://pk.linkedin.com/jobs/view/senior-medical-officer-evening-shift-karachi-based-at-the-indus-hospital-4034612831?position=17&pageNum=0&refId=wGBfrWbvk%2F5LBisrWppAiw%3D%3D&trackingId=2AVc9cX12MHI401BjPUf2A%3D%3D
17,https://pk.linkedin.com/jobs/view/marketing-manager-b2b-mashreq-digital-bank-limited-at-mashreq-4034946491?position=18&pageNum=0&refId=wGBfrWbvk%2F5LBisrWppAiw%3D%3D&trackingId=vlIqtKJvcgBtAg5fXNvl%2Bw%3D%3D
18,https://pk.linkedin.com/jobs/view/officer-reconciliation-mashreq-digital-bank-pakistan-at-mashreq-4032674770?position=19&pageNum=0&refId=wGBfrWbvk%2F5LBisrWppAiw%3D%3D&trackingId=Fz5%2FvmMXPzUWiNDpDT8RIw%3D%3D
19,https://pk.linkedin.com/jobs/view/community-management-executive-at-io-digital-4035783492?position=21&pageNum=0&refId=wGBfrWbvk%2F5LBisrWppAiw%3D%3D&trackingId=uUv4izfT0sExgdN%2BcQu%2FYg%3D%3D
20,https://pk.linkedin.com/jobs/view/business-development-executive-at-menras-4033269664?position=22&pageNum=0&refId=wGBfrWbvk%2F5LBisrWppAiw%3D%3D&trackingId=5WoNGlpc6PwylZrCGhrX3g%3D%3D
21,https://pk.linkedin.com/jobs/view/international-customer-service-at-ibex-pakistan-4035574026?position=23&pageNum=0&refId=wGBfrWbvk%2F5LBisrWppAiw%3D%3D&trackingId=MkxSpBYdh6bmW3kGrVWxSA%3D%3D
22,https://pk.linkedin.com/jobs/view/management-trainee-sales-at-basf-4035253462?position=24&pageNum=0&refId=wGBfrWbvk%2F5LBisrWppAiw%3D%3D&trackingId=PNQq07k1HpvVnNQB3wrosQ%3D%3D
23,https://pk.linkedin.com/jobs/view/executive-administrative-assistant-excel-at-right-placements-4038184567?position=25&pageNum=0&refId=wGBfrWbvk%2F5LBisrWppAiw%3D%3D&trackingId=l2W3sbxcJm1hEmmQmrk%2FJA%3D%3D
24,https://pk.linkedin.com/jobs/view/international-regulation-specialist-at-national-foods-limited-4032938105?position=26&pageNum=0&refId=wGBfrWbvk%2F5LBisrWppAiw%3D%3D&trackingId=w%2Fz5HFuKgb4xMizeWb1rWQ%3D%3D
25,https://pk.linkedin.com/jobs/view/international-sales-specialist-at-global-industries-intelligence-4032874345?position=27&pageNum=0&refId=wGBfrWbvk%2F5LBisrWppAiw%3D%3D&trackingId=9DbIstEq0rihnoArUGqusA%3D%3D
26,https://pk.linkedin.com/jobs/view/copywriter-at-talent-nexus-bridge-4035121112?position=28&pageNum=0&refId=wGBfrWbvk%2F5LBisrWppAiw%3D%3D&trackingId=S7x9uYUxdDiPNTd7%2BJPqbw%3D%3D
27,https://pk.linkedin.com/jobs/view/account-manager-at-the-plumtree-group-global-4032342931?position=29&pageNum=0&refId=wGBfrWbvk%2F5LBisrWppAiw%3D%3D&trackingId=oUVCv1nlTLNdhIQZeveD7g%3D%3D
28,https://pk.linkedin.com/jobs/view/central-planning-budgeting-and-financial-analysis-support-rapid-karachi-at-ey-4018156952?position=30&pageNum=0&refId=wGBfrWbvk%2F5LBisrWppAiw%3D%3D&trackingId=VRMrpyCt7bvaQIVglhg80g%3D%3D
29,https://pk.linkedin.com/jobs/view/senior-software-engineer-net-at-hul-hub-pakistan-4036245841?position=31&pageNum=0&refId=wGBfrWbvk%2F5LBisrWppAiw%3D%3D&trackingId=yxVUUSqNy2OngC6n25QMYw%3D%3D
30,https://pk.linkedin.com/jobs/view/sales-executive-at-huevle-4035120597?position=32&pageNum=0&refId=wGBfrWbvk%2F5LBisrWppAiw%3D%3D&trackingId=8I660T%2FuwqhmS5xZ6U41XQ%3D%3D
31,https://pk.linkedin.com/jobs/view/store-manager-at-levi-strauss-co-4017454549?position=33&pageNum=0&refId=wGBfrWbvk%2F5LBisrWppAiw%3D%3D&trackingId=dbTlYAbW28HSF7uQklREDw%3D%3D
32,https://pk.linkedin.com/jobs/view/specialist-project-management-at-decibel-hrms-4033693928?position=34&pageNum=0&refId=wGBfrWbvk%2F5LBisrWppAiw%3D%3D&trackingId=Oy1aYpa76tFVoRsh1ZGyZw%3D%3D
33,https://pk.linkedin.com/jobs/view/lead-net-developer-at-next-generation-innovations-nextgeni-4035667572?position=35&pageNum=0&refId=wGBfrWbvk%2F5LBisrWppAiw%3D%3D&trackingId=46KRU178NvsAK5tMel3P9Q%3D%3D
34,https://pk.linkedin.com/jobs/view/assistant-manager-%E2%80%93-financial-audits-at-sui-southern-gas-company-limited-4032300310?position=36&pageNum=0&refId=wGBfrWbvk%2F5LBisrWppAiw%3D%3D&trackingId=CpWuuD%2FRkvkcfSLvmG%2FG6w%3D%3D
35,https://pk.linkedin.com/jobs/view/ui-ux-designer-at-the-plumtree-group-global-4036264175?position=37&pageNum=0&refId=wGBfrWbvk%2F5LBisrWppAiw%3D%3D&trackingId=5jNxkVL7i5D6d%2BNHsEcnwA%3D%3D
36,https://pk.linkedin.com/jobs/view/junior-desk-research-analyst-at-nielseniq-4034608437?position=38&pageNum=0&refId=wGBfrWbvk%2F5LBisrWppAiw%3D%3D&trackingId=EJs7JwADk5ndh4AtGRNZQw%3D%3D
37,https://pk.linkedin.com/jobs/view/cashier-at-gatronova-4033080827?position=39&pageNum=0&refId=wGBfrWbvk%2F5LBisrWppAiw%3D%3D&trackingId=EBraJIX6XUSZWmQwZpgyNQ%3D%3D
38,https://pk.linkedin.com/jobs/view/junior-desk-research-analyst-at-nielseniq-4033969228?position=40&pageNum=0&refId=wGBfrWbvk%2F5LBisrWppAiw%3D%3D&trackingId=VQm96Y%2BUt%2BSZkTANP9U8TA%3D%3D
39,https://pk.linkedin.com/jobs/view/production-analyst-at-afiniti-3950364839?position=41&pageNum=0&refId=wGBfrWbvk%2F5LBisrWppAiw%3D%3D&trackingId=YDVCPQbOUWBGAuMqfpPkpA%3D%3D
40,https://pk.linkedin.com/jobs/view/customer-success-project-manager-at-consultisor-4035201258?position=42&pageNum=0&refId=wGBfrWbvk%2F5LBisrWppAiw%3D%3D&trackingId=fmVBYYKQ21E6m%2FWhkGytFA%3D%3D
41,https://pk.linkedin.com/jobs/view/production-analyst-at-afiniti-3968179658?position=43&pageNum=0&refId=wGBfrWbvk%2F5LBisrWppAiw%3D%3D&trackingId=cLAcXEuBFJIBq6L7CT%2BKKA%3D%3D
42,https://pk.linkedin.com/jobs/view/mto-sales-and-marketing-at-gatronova-4034767312?position=44&pageNum=0&refId=wGBfrWbvk%2F5LBisrWppAiw%3D%3D&trackingId=NqZDAVp8D4oa8P0Bq1TDdw%3D%3D
43,https://pk.linkedin.com/jobs/view/grants-writer-freelancer-contract-at-mint-rewards-4037048385?position=45&pageNum=0&refId=wGBfrWbvk%2F5LBisrWppAiw%3D%3D&trackingId=X5jTT5dfKBil39C3vmdLbw%3D%3D
44,https://pk.linkedin.com/jobs/view/credit-risk-modeller-at-milliman-3982243651?position=46&pageNum=0&refId=wGBfrWbvk%2F5LBisrWppAiw%3D%3D&trackingId=qxz7lyoYEx1nFbx6XEI9Fw%3D%3D
45,https://pk.linkedin.com/jobs/view/manager-%E2%80%93-audits-consulting-assignments-at-sui-southern-gas-company-limited-4032303012?position=47&pageNum=0&refId=wGBfrWbvk%2F5LBisrWppAiw%3D%3D&trackingId=JlOCy4kC%2FeENPm99gBQqhg%3D%3D
46,https://pk.linkedin.com/jobs/view/customer-success-project-manager-at-consultisor-4036007701?position=48&pageNum=0&refId=wGBfrWbvk%2F5LBisrWppAiw%3D%3D&trackingId=bTvDBoR%2B%2BrQJI5%2FLGf1%2BSA%3D%3D
47,https://pk.linkedin.com/jobs/view/portfolio-head-%E2%80%93-online-payments-at-ubl-united-bank-limited-4034771377?position=49&pageNum=0&refId=wGBfrWbvk%2F5LBisrWppAiw%3D%3D&trackingId=OR3K4ROwxouZLG4akye4pw%3D%3D
48,https://pk.linkedin.com/jobs/view/assistant-manager-integration-at-zeta-corp-4034507490?position=50&pageNum=0&refId=wGBfrWbvk%2F5LBisrWppAiw%3D%3D&trackingId=wxUwDCcvwdFpXzbVE9uw9A%3D%3D
49,https://pk.linkedin.com/jobs/view/production-analyst-at-afiniti-3949479004?position=51&pageNum=0&refId=wGBfrWbvk%2F5LBisrWppAiw%3D%3D&trackingId=rHgDwKYSK7hHn%2FzBnhHzkA%3D%3D
50,https://pk.linkedin.com/jobs/view/sales-executive-at-sastechsol-4032809213?position=52&pageNum=0&refId=wGBfrWbvk%2F5LBisrWppAiw%3D%3D&trackingId=j2lYN8tDmWSGx05pKY2tcQ%3D%3D
51,https://pk.linkedin.com/jobs/view/sales-marketing-executive-at-transbridge-logistics-pakistan-pvt-ltd-4032649790?position=53&pageNum=0&refId=wGBfrWbvk%2F5LBisrWppAiw%3D%3D&trackingId=%2BX%2FAI7YataVrv%2B5PCjPSag%3D%3D
52,https://pk.linkedin.com/jobs/view/business-development-executive-at-life-sized-publishing-4031090905?position=54&pageNum=0&refId=wGBfrWbvk%2F5LBisrWppAiw%3D%3D&trackingId=%2Fg15GTGZq5AtgKBkLdyW5A%3D%3D
53,https://pk.linkedin.com/jobs/view/senior-talent-acquisition-specialist-ref-726-at-hudson-rpo-4035221127?position=55&pageNum=0&refId=wGBfrWbvk%2F5LBisrWppAiw%3D%3D&trackingId=yaGhn03rf66%2BPhoRiHDDsQ%3D%3D
54,https://pk.linkedin.com/jobs/view/lead-hrbp-at-gatronova-4033912132?position=56&pageNum=0&refId=wGBfrWbvk%2F5LBisrWppAiw%3D%3D&trackingId=jawLuZhMz%2B7URZwzVns1iw%3D%3D
55,https://pk.linkedin.com/jobs/view/software-engineer-mean-stack-at-hul-hub-pakistan-4033581322?position=57&pageNum=0&refId=wGBfrWbvk%2F5LBisrWppAiw%3D%3D&trackingId=W1KiwHl06uDyE%2BjMgOx9ew%3D%3D
56,https://pk.linkedin.com/jobs/view/executive-manager-fi-and-home-remittance-at-telenor-microfinance-bank-limited-4034150509?position=58&pageNum=0&refId=wGBfrWbvk%2F5LBisrWppAiw%3D%3D&trackingId=b0YKCcFch6bTaknQ8qTChw%3D%3D
57,https://pk.linkedin.com/jobs/view/resource-development-manager-at-haqooq-e-insaniyat-social-welfare-organization-4034150794?position=59&pageNum=0&refId=wGBfrWbvk%2F5LBisrWppAiw%3D%3D&trackingId=9teXupBoRtP076ic1robqQ%3D%3D
58,https://pk.linkedin.com/jobs/view/calling-executives-multiple-vacancies-at-outwerk-solutions-4035262090?position=60&pageNum=0&refId=wGBfrWbvk%2F5LBisrWppAiw%3D%3D&trackingId=XyY0eHIH8PhOzqWIMNsLVQ%3D%3D
59,https://pk.linkedin.com/jobs/view/international-regulation-specialist-at-national-foods-limited-4032938105?position=1&pageNum=2&refId=4Robt6YefSweKLkC2niMmA%3D%3D&trackingId=Li8jUW0T3ZDaWicuvU70sw%3D%3D
60,https://pk.linkedin.com/jobs/view/international-sales-specialist-at-global-industries-intelligence-4032874345?position=2&pageNum=2&refId=4Robt6YefSweKLkC2niMmA%3D%3D&trackingId=lZpeQqJ4SId88pGtExHn3Q%3D%3D
61,https://pk.linkedin.com/jobs/view/copywriter-at-talent-nexus-bridge-4035121112?position=3&pageNum=2&refId=4Robt6YefSweKLkC2niMmA%3D%3D&trackingId=PzsZHMNl8nT0Oo13WYBlyA%3D%3D
62,https://pk.linkedin.com/jobs/view/account-manager-at-the-plumtree-group-global-4032342931?position=4&pageNum=2&refId=4Robt6YefSweKLkC2niMmA%3D%3D&trackingId=vQgr4LimV58PbfkKGyLcQw%3D%3D
63,https://pk.linkedin.com/jobs/view/central-planning-budgeting-and-financial-analysis-support-rapid-karachi-at-ey-4018156952?position=5&pageNum=2&refId=4Robt6YefSweKLkC2niMmA%3D%3D&trackingId=QFn2UQQxrLQUJcZALzUnVQ%3D%3D
64,https://pk.linkedin.com/jobs/view/senior-software-engineer-net-at-hul-hub-pakistan-4036245841?position=6&pageNum=2&refId=4Robt6YefSweKLkC2niMmA%3D%3D&trackingId=jNxHe0pWQ%2F%2Fn6m3VD%2BYlSg%3D%3D
65,https://pk.linkedin.com/jobs/view/sales-executive-at-huevle-4035120597?position=7&pageNum=2&refId=4Robt6YefSweKLkC2niMmA%3D%3D&trackingId=4OdAMP1EZuNGSk9oJ0OH9A%3D%3D
66,https://pk.linkedin.com/jobs/view/store-manager-at-levi-strauss-co-4017454549?position=8&pageNum=2&refId=4Robt6YefSweKLkC2niMmA%3D%3D&trackingId=hp3wnhFuCSLJ6jwnTzChnQ%3D%3D
67,https://pk.linkedin.com/jobs/view/specialist-project-management-at-decibel-hrms-4033693928?position=9&pageNum=2&refId=4Robt6YefSweKLkC2niMmA%3D%3D&trackingId=7QS0sdsi7l8z4KEWNwK%2BeQ%3D%3D
68,https://pk.linkedin.com/jobs/view/lead-net-developer-at-next-generation-innovations-nextgeni-4035667572?position=10&pageNum=2&refId=4Robt6YefSweKLkC2niMmA%3D%3D&trackingId=1qX4FuQIPeozLI03lw%2BUVQ%3D%3D
69,https://pk.linkedin.com/jobs/view/production-analyst-at-afiniti-3949479004?position=1&pageNum=5&refId=jnwne%2BKkN%2FApB9jqAw%2FEWA%3D%3D&trackingId=WzDIxdNGTveGAoBroRNVPg%3D%3D
70,https://pk.linkedin.com/jobs/view/sales-executive-at-sastechsol-4032809213?position=2&pageNum=5&refId=jnwne%2BKkN%2FApB9jqAw%2FEWA%3D%3D&trackingId=u60poNJjhd9U8Q3l9%2FoVxw%3D%3D
71,https://pk.linkedin.com/jobs/view/sales-marketing-executive-at-transbridge-logistics-pakistan-pvt-ltd-4032649790?position=3&pageNum=5&refId=jnwne%2BKkN%2FApB9jqAw%2FEWA%3D%3D&trackingId=iFdQG3EHUp%2FvaBj0P1NRFQ%3D%3D
72,https://pk.linkedin.com/jobs/view/business-development-executive-at-life-sized-publishing-4031090905?position=4&pageNum=5&refId=jnwne%2BKkN%2FApB9jqAw%2FEWA%3D%3D&trackingId=mcvN%2FY63A1MJi%2BF5a71G%2FA%3D%3D
73,https://pk.linkedin.com/jobs/view/senior-talent-acquisition-specialist-ref-726-at-hudson-rpo-4035221127?position=5&pageNum=5&refId=jnwne%2BKkN%2FApB9jqAw%2FEWA%3D%3D&trackingId=gxLth7Vs4VdAqjAqUPIJbg%3D%3D
74,https://pk.linkedin.com/jobs/view/lead-hrbp-at-gatronova-4033912132?position=6&pageNum=5&refId=jnwne%2BKkN%2FApB9jqAw%2FEWA%3D%3D&trackingId=nE4hqkZJ%2BWXarzpqHvMKQQ%3D%3D
75,https://pk.linkedin.com/jobs/view/software-engineer-mean-stack-at-hul-hub-pakistan-4033581322?position=7&pageNum=5&refId=jnwne%2BKkN%2FApB9jqAw%2FEWA%3D%3D&trackingId=W8TGn1VEQxzlDlIT45qcQQ%3D%3D
76,https://pk.linkedin.com/jobs/view/executive-manager-fi-and-home-remittance-at-telenor-microfinance-bank-limited-4034150509?position=8&pageNum=5&refId=jnwne%2BKkN%2FApB9jqAw%2FEWA%3D%3D&trackingId=folMr6OmVkNtYumas9CnBA%3D%3D
77,https://pk.linkedin.com/jobs/view/resource-development-manager-at-haqooq-e-insaniyat-social-welfare-organization-4034150794?position=9&pageNum=5&refId=jnwne%2BKkN%2FApB9jqAw%2FEWA%3D%3D&trackingId=biF2Tn7n25VFFGV%2B6SzpFg%3D%3D
78,https://pk.linkedin.com/jobs/view/calling-executives-multiple-vacancies-at-outwerk-solutions-4035262090?position=10&pageNum=5&refId=jnwne%2BKkN%2FApB9jqAw%2FEWA%3D%3D&trackingId=W67pmRV5WOXGM1iBMEt7AA%3D%3D
79,https://pk.linkedin.com/jobs/view/digital-marketing-strategist-at-remotiv-4036020086?position=1&pageNum=7&refId=8VibOlC2aOtOwIj9Lc0RZQ%3D%3D&trackingId=6ZRs%2FZ4ySJPgM8Z5hYjPnA%3D%3D
80,https://pk.linkedin.com/jobs/view/call-center-executive-at-dotgix-technologies-4031008178?position=2&pageNum=7&refId=8VibOlC2aOtOwIj9Lc0RZQ%3D%3D&trackingId=lpB%2B8L3jrUi%2Bbe222bkWkA%3D%3D
81,https://pk.linkedin.com/jobs/view/machine-operator-flexo-plate-making-at-s-i-chemicals-4034143313?position=3&pageNum=7&refId=8VibOlC2aOtOwIj9Lc0RZQ%3D%3D&trackingId=re9Y87yLWQGycuKi61D%2BcQ%3D%3D
82,https://pk.linkedin.com/jobs/view/book-formatter-at-tech-horizontal-4006265163?position=4&pageNum=7&refId=8VibOlC2aOtOwIj9Lc0RZQ%3D%3D&trackingId=d1u3uASvvhj%2BZArWQBTBsg%3D%3D
83,https://pk.linkedin.com/jobs/view/sales-development-representative-at-scalemill-4035223957?position=5&pageNum=7&refId=8VibOlC2aOtOwIj9Lc0RZQ%3D%3D&trackingId=D4vQ3SMAC7uAuO%2BpSSZpMA%3D%3D
84,https://pk.linkedin.com/jobs/view/production-analyst-at-afiniti-4018547527?position=6&pageNum=7&refId=8VibOlC2aOtOwIj9Lc0RZQ%3D%3D&trackingId=1TYuNf1bTUgi3VOz%2BwYT9Q%3D%3D
85,https://pk.linkedin.com/jobs/view/financial-data-analyst-ignitetech-remote-%2430-000-year-usd-at-crossover-4034460437?position=7&pageNum=7&refId=8VibOlC2aOtOwIj9Lc0RZQ%3D%3D&trackingId=sdpM0oZe0pEggS7oADfRzw%3D%3D
86,https://pk.linkedin.com/jobs/view/shopify-marketplace-manager-night-shift-at-nxt-labs-4034989198?position=8&pageNum=7&refId=8VibOlC2aOtOwIj9Lc0RZQ%3D%3D&trackingId=Jcf1%2BuqIfNmYRYJamtQdYA%3D%3D
87,https://pk.linkedin.com/jobs/view/front-sale-person-at-tria-tech-solution-pvt-ltd-4035542781?position=9&pageNum=7&refId=8VibOlC2aOtOwIj9Lc0RZQ%3D%3D&trackingId=zKEycgMnpIVFipfUG4fJtw%3D%3D
88,https://pk.linkedin.com/jobs/view/technical-sales-engineer-at-hs-ahmed-ally-4035056467?position=10&pageNum=7&refId=8VibOlC2aOtOwIj9Lc0RZQ%3D%3D&trackingId=oaqrc7JINe%2FCLSCzwIRZhw%3D%3D
